<?xml version="1.0" encoding="utf-8" ?>
<Patch>



	
<!--This is gonna take a while-->

	
	
	

	<Operation Class="PatchOperationFindMod">
		<mods>
			<li>[FSF] Complex Jobs</li>
		</mods>
		<match Class="PatchOperationSequence">
			<success>Normal</success>
			<operations>
				<!--Mining-->
				<li Class="PatchOperationAdd">
					<xpath>/Defs/HediffDef[defName = "WTH_MiningModule"]/modExtensions/li[@Class = "WhatTheHack.DefModExtension_Hediff_WorkModule"]/workTypes</xpath>
					<value>
						<li>FSFDrilling</li>
					</value>
				</li>
				<li Class="PatchOperationAdd">
					<xpath>/Defs/HediffDef[defName = "WTH_AdvancedMiningModule"]/modExtensions/li[@Class = "WhatTheHack.DefModExtension_Hediff_WorkModule"]/workTypes</xpath>
					<value>
						<li>FSFDrilling</li>
					</value>
				</li>
				<li Class="PatchOperationAdd">
					<xpath>/Defs/HediffDef[defName = "WTH_ArchotechMiningModule"]/modExtensions/li[@Class = "WhatTheHack.DefModExtension_Hediff_WorkModule"]/workTypes</xpath>
					<value>
						<li>FSFDrilling</li>
					</value>
				</li>
				
				<!--Construct-->
				<li Class="PatchOperationAdd">
					<xpath>/Defs/HediffDef[defName = "WTH_ArchotechBuildingModule"]/modExtensions/li[@Class = "WhatTheHack.DefModExtension_Hediff_WorkModule"]/workTypes</xpath>
					<value>
						<li>FSFRepair</li>
						<li>FSFDeconstruct</li>
					</value>
				</li>
				<li Class="PatchOperationAdd">
					<xpath>/Defs/HediffDef[defName = "WTH_AdvancedBuildingModule"]/modExtensions/li[@Class = "WhatTheHack.DefModExtension_Hediff_WorkModule"]/workTypes</xpath>
					<value>
						<li>FSFRepair</li>
						<li>FSFDeconstruct</li>
					</value>
				</li>
				<li Class="PatchOperationAdd">
					<xpath>/Defs/HediffDef[defName = "WTH_BuildingModule"]/modExtensions/li[@Class = "WhatTheHack.DefModExtension_Hediff_WorkModule"]/workTypes</xpath>
					<value>
						<li>FSFRepair</li>
						<li>FSFDeconstruct</li>
					</value>
				</li>
				<!--Smith/Machining/Tailoring-->
				<li Class="PatchOperationAdd">
					<xpath>/Defs/HediffDef[defName = "WTH_ArchotechAssemblyModule"]/modExtensions/li[@Class = "WhatTheHack.DefModExtension_Hediff_WorkModule"]/workTypes</xpath>
					<value>
						<li>FSFFabrication</li>
						<li>FSFMachining</li>
					</value>
				</li>
				<li Class="PatchOperationAdd">
					<xpath>/Defs/HediffDef[defName = "WTH_AdvancedAssemblyModule"]/modExtensions/li[@Class = "WhatTheHack.DefModExtension_Hediff_WorkModule"]/workTypes</xpath>
					<value>
						<li>FSFFabrication</li>
						<li>FSFMachining</li>
					</value>
				</li>
				<li Class="PatchOperationAdd">
					<xpath>/Defs/HediffDef[defName = "WTH_AssemblyModule"]/modExtensions/li[@Class = "WhatTheHack.DefModExtension_Hediff_WorkModule"]/workTypes</xpath>
					<value>
						<li>FSFFabrication</li>
						<li>FSFMachining</li>
					</value>
				</li>
				<!--Research-->
				<li Class="PatchOperationAdd">
					<xpath>/Defs/HediffDef[defName = "WTH_ArchotechResearchModule"]/modExtensions/li[@Class = "WhatTheHack.DefModExtension_Hediff_WorkModule"]/workTypes</xpath>
					<value>
						<li>FSFScan</li>
					</value>
				</li>
				<li Class="PatchOperationAdd">
					<xpath>/Defs/HediffDef[defName = "WTH_AdvancedResearchModule"]/modExtensions/li[@Class = "WhatTheHack.DefModExtension_Hediff_WorkModule"]/workTypes</xpath>
					<value>
						<li>FSFScan</li>
					</value>
				</li>
				<li Class="PatchOperationAdd">
					<xpath>/Defs/HediffDef[defName = "WTH_ResearchModule"]/modExtensions/li[@Class = "WhatTheHack.DefModExtension_Hediff_WorkModule"]/workTypes</xpath>
					<value>
						<li>FSFScan</li>
					</value>
				</li>
				<!--Planting-->
				<li Class="PatchOperationAdd">
					<xpath>/Defs/HediffDef[defName = "WTH_ArchotechGrowingModule"]/modExtensions/li[@Class = "WhatTheHack.DefModExtension_Hediff_WorkModule"]/workTypes</xpath>
					<value>
						<li>FSFHarvesting</li>
					</value>
				</li>
				<li Class="PatchOperationAdd">
					<xpath>/Defs/HediffDef[defName = "WTH_GrowingModule"]/modExtensions/li[@Class = "WhatTheHack.DefModExtension_Hediff_WorkModule"]/workTypes</xpath>
					<value>
						<li>FSFHarvesting</li>
					</value>
				</li>
				<li Class="PatchOperationAdd">
					<xpath>/Defs/HediffDef[defName = "WTH_AdvancedGrowingModule"]/modExtensions/li[@Class = "WhatTheHack.DefModExtension_Hediff_WorkModule"]/workTypes</xpath>
					<value>
						<li>FSFHarvesting</li>
					</value>
				</li>
				<!--BasicCraft-->
				<li Class="PatchOperationAdd">
					<xpath>/Defs/HediffDef[defName = "WTH_BasicCraftingModule"]/modExtensions/li[@Class = "WhatTheHack.DefModExtension_Hediff_WorkModule"]/workTypes</xpath>
					<value>
						<li>FSFRefining</li>
						<li>FSFSmelt</li>
						<li>FSFStoneCut</li>
					</value>
				</li>
				
				<!--Basic-->
			
				<li Class="PatchOperationAdd">
					<xpath>/Defs/HediffDef[defName = "WTH_BasicLaborModule"]/modExtensions/li[@Class = "WhatTheHack.DefModExtension_Hediff_WorkModule"]/workTypes</xpath>
					<value>
						<li>FSFNurse</li>
					</value>
				</li>
			
				<!--Cooking-->
				<li Class="PatchOperationAdd">
					<xpath>/Defs/HediffDef[defName = "WTH_CookingModule"]/modExtensions/li[@Class = "WhatTheHack.DefModExtension_Hediff_WorkModule"]/workTypes</xpath>
					<value>
						<li>FSFButcher</li>
						<li>FSFBrewing</li>
					</value>
				</li>
				<li Class="PatchOperationAdd">
					<xpath>/Defs/HediffDef[defName = "WTH_AdvancedCookingModule"]/modExtensions/li[@Class = "WhatTheHack.DefModExtension_Hediff_WorkModule"]/workTypes</xpath>
					<value>
						<li>FSFButcher</li>
						<li>FSFBrewing</li>
					</value>
				</li>
				<li Class="PatchOperationAdd">
					<xpath>/Defs/HediffDef[defName = "WTH_ArchotechCookingModule"]/modExtensions/li[@Class = "WhatTheHack.DefModExtension_Hediff_WorkModule"]/workTypes</xpath>
					<value>
						<li>FSFButcher</li>
						<li>FSFBrewing</li>
					</value>
				</li>

				<!--Medical-->
				<li Class="PatchOperationAdd">
					<xpath>/Defs/HediffDef[defName = "WTH_MedicalModule"]/modExtensions/li[@Class = "WhatTheHack.DefModExtension_Hediff_WorkModule"]/workTypes</xpath>
					<value>
						<li>FSFSurgeon</li>
					</value>
				</li>
				<li Class="PatchOperationAdd">
					<xpath>/Defs/HediffDef[defName = "WTH_AdvancedMedicalModule"]/modExtensions/li[@Class = "WhatTheHack.DefModExtension_Hediff_WorkModule"]/workTypes</xpath>
					<value>
						<li>FSFSurgeon</li>
					</value>
				</li>
				<li Class="PatchOperationAdd">
					<xpath>/Defs/HediffDef[defName = "WTH_ArchotechMedicalModule"]/modExtensions/li[@Class = "WhatTheHack.DefModExtension_Hediff_WorkModule"]/workTypes</xpath>
					<value>
						<li>FSFSurgeon</li>
					</value>
				</li>
			</operations>
		</match>
	</Operation>

</Patch>
