<?xml version="1.0" encoding="utf-8" ?>
<Defs>
	<ResearchProjectDef>
	<defName>WTH_ModifiedHiveData</defName>
	<label>Modified hive data</label>
	<tab>WTH_ResearchTab</tab>
	<techLevel>Spacer</techLevel>
	<description>Unlocks the ability to implant a virus into mechanoid hive data, allowing you to perform operations that would otherwise be easily detected by the hive.</description>
	<baseCost>2500</baseCost>
	<prerequisites>
		<li>WTH_RogueAI</li>
	</prerequisites>
		<researchViewX>3</researchViewX>
		<researchViewY>7</researchViewY>
	</ResearchProjectDef>

	<ResearchProjectDef>
		<defName>WTH_HackingSuperAdvanced</defName>
		<label>Advanced mechanoid hacking</label>
		<tab>WTH_ResearchTab</tab>
		<techLevel>Spacer</techLevel>
		<description>Gives access to faster, yet more costly methods of hacking mechanoids.</description>
		<baseCost>1500</baseCost>
		<prerequisites>
			<li>WTH_ModifiedHiveData</li>
		</prerequisites>
		<researchViewX>4</researchViewX>
		<researchViewY>8</researchViewY>
	</ResearchProjectDef>

	<ResearchProjectDef>
		<defName>WTH_SupportFacilities</defName>
		<label>Support facilities</label>
		<tab>WTH_ResearchTab</tab>
		<techLevel>Spacer</techLevel>
		<description>Unlocks support buildings for the mechanoid plaform and hacking bench.</description>
		<baseCost>2000</baseCost>
		<prerequisites>
			<li>WTH_ModifiedHiveData</li>
		</prerequisites>
		<researchViewX>4</researchViewX>
		<researchViewY>7</researchViewY>
	</ResearchProjectDef>

	<ResearchProjectDef>
		<defName>WTH_UnlockHackingModule</defName>
		<label>Hacking module</label>
		<tab>WTH_ResearchTab</tab>
		<techLevel>Spacer</techLevel>
		<description>Unlocks the hacking module. A growing and self-maintaining mechanoid army is within your reach.</description>
		<baseCost>5000</baseCost>
		<prerequisites>
			<li>WTH_ModifiedHiveData</li>
			<li>WTH_WorkModules</li>
		</prerequisites>
		<researchViewX>4</researchViewX>
		<researchViewY>6</researchViewY>
	</ResearchProjectDef>

	<ResearchProjectDef>
		<defName>WTH_Expansion_AdvancedModules</defName>
		<label>advanced modules</label>
		<tab>WTH_ResearchTab</tab>
		<techLevel>Spacer</techLevel>
		<description>Unlocks advanced variants of existing modules.</description>
		<baseCost>5500</baseCost>
		<prerequisites>
			<li>WTH_WorkModules</li>
		</prerequisites>
		<researchViewX>7</researchViewX>
		<researchViewY>1</researchViewY>
	</ResearchProjectDef>
	
</Defs>
