<Defs>
	<!--Mining-->

	<HediffDef>
		<defName>WTH_MiningModule</defName>
		<label>mining module</label>
		<description>mining module</description>
		<defaultLabelColor>(0.5, 0.5, 0.9)</defaultLabelColor>
		<isBad>false</isBad>
		<stages>
			<li>
				<capMods>
					<li>
						<capacity>Manipulation</capacity>
						<offset>-0.1</offset>
					</li>
				</capMods>
			</li>
		</stages>
		<modExtensions>
			<li Class="WhatTheHack.DefModExtension_Hediff">
				<extraButcherProduct>WTH_MiningModule</extraButcherProduct>
				<canUninstall>true</canUninstall>
				<destroyOnDeathChance>0.65</destroyOnDeathChance>
			</li>
			<li Class="WhatTheHack.DefModExtension_Hediff_WorkModule">
				<workTypes>
					<li>Mining</li>
				</workTypes>
				<skillLevel>4</skillLevel>
			</li>
		</modExtensions>
	</HediffDef>

	<ThingDef ParentName="BodyPartBase">
		<defName>WTH_MiningModule</defName>
		<label>Mining module</label>
		<description>Can be installed in a mechanoid to make it capable of mining.</description>
		<graphicData>
			<texPath>Things/MechModuleTierOne</texPath>
			<graphicClass>Graphic_Single</graphicClass>
		</graphicData>
		<soundInteract>Metal_Drop</soundInteract>
		<soundDrop>Standard_Drop</soundDrop>
		<stackLimit>1</stackLimit>
		<statBases>
			<WorkToMake>7000</WorkToMake>
			<MaxHitPoints>70</MaxHitPoints>
			<Mass>0.6</Mass>
			<Flammability>1.0</Flammability>
			<DeteriorationRate>2.0</DeteriorationRate>
			<SellPriceFactor>0.70</SellPriceFactor>
		</statBases>
		<intricate>true</intricate>
		<thingCategories>
			<li>Manufactured</li>
		</thingCategories>
	</ThingDef>

	<RecipeDef>
		<defName>WTH_InstallMiningModule</defName>
		<label>install mining module</label>
		<description>Install a mining module.</description>
		<workerClass>WhatTheHack.Recipes.Recipe_ModifyMechanoid_WorkModule</workerClass>
		<jobString>Installing mining module.</jobString>
		<workAmount>5000</workAmount>
		<surgerySuccessChanceFactor>1.3</surgerySuccessChanceFactor>
		<deathOnFailedSurgeryChance>0.05</deathOnFailedSurgeryChance>
		<skillRequirements>
			<Crafting>5</Crafting>
			<Intellectual>5</Intellectual>
		</skillRequirements>
		<workSkill>Intellectual</workSkill>
		<ingredients>
			<li>
				<filter>
					<thingDefs>
						<li>WTH_MiningModule</li>
					</thingDefs>
				</filter>
				<count>1</count>
			</li>
		</ingredients>
		<appliedOnFixedBodyParts>
			<li>Reactor</li>
		</appliedOnFixedBodyParts>
		<addsHediff>WTH_MiningModule</addsHediff>
		<modExtensions>
			<li Class="WhatTheHack.DefModExtension_Recipe">
				<requireBed>true</requireBed>
			</li>
		</modExtensions>
	</RecipeDef>

	<!--Basic-->

	<HediffDef>
		<defName>WTH_BasicLaborModule</defName>
		<label>basic labor module</label>
		<description>basic labor module</description>
		<defaultLabelColor>(0.5, 0.5, 0.9)</defaultLabelColor>
		<isBad>false</isBad>
		<stages>
			<li>
				<capMods>
					<li>
						<capacity>Manipulation</capacity>
						<offset>-0.1</offset>
					</li>
				</capMods>
			</li>
		</stages>
		<modExtensions>
			<li Class="WhatTheHack.DefModExtension_Hediff">
				<extraButcherProduct>WTH_BasicLaborModule</extraButcherProduct>
				<canUninstall>true</canUninstall>
				<destroyOnDeathChance>0.65</destroyOnDeathChance>
			</li>
			<li Class="WhatTheHack.DefModExtension_Hediff_WorkModule">
				<workTypes>
					<li>BasicWorker</li>
				</workTypes>
			</li>
		</modExtensions>
	</HediffDef>

	<ThingDef ParentName="BodyPartBase">
		<defName>WTH_BasicLaborModule</defName>
		<label>Basic labor module</label>
		<description>Can be installed in a mechanoid to make it capable of performing basic labor.</description>
		<graphicData>
			<texPath>Things/MechModuleTierOne</texPath>
			<graphicClass>Graphic_Single</graphicClass>
		</graphicData>
		<soundInteract>Metal_Drop</soundInteract>
		<soundDrop>Standard_Drop</soundDrop>
		<stackLimit>1</stackLimit>
		<statBases>
			<WorkToMake>7000</WorkToMake>
			<MaxHitPoints>70</MaxHitPoints>
			<Mass>0.6</Mass>
			<Flammability>1.0</Flammability>
			<DeteriorationRate>2.0</DeteriorationRate>
			<SellPriceFactor>0.70</SellPriceFactor>
		</statBases>
		<intricate>true</intricate>
		<thingCategories>
			<li>Manufactured</li>
		</thingCategories>
	</ThingDef>

	<RecipeDef>
		<defName>WTH_InstallBsicLaborModule</defName>
		<label>install basic labor module</label>
		<description>Install a basic labor module.</description>
		<workerClass>WhatTheHack.Recipes.Recipe_ModifyMechanoid_WorkModule</workerClass>
		<jobString>Installing basic labor module.</jobString>
		<workAmount>5000</workAmount>
		<surgerySuccessChanceFactor>1.3</surgerySuccessChanceFactor>
		<deathOnFailedSurgeryChance>0.05</deathOnFailedSurgeryChance>
		<skillRequirements>
			<Crafting>5</Crafting>
			<Intellectual>5</Intellectual>
		</skillRequirements>
		<workSkill>Intellectual</workSkill>
		<ingredients>
			<li>
				<filter>
					<thingDefs>
						<li>WTH_BasicLaborModule</li>
					</thingDefs>
				</filter>
				<count>1</count>
			</li>
		</ingredients>
		<appliedOnFixedBodyParts>
			<li>Reactor</li>
		</appliedOnFixedBodyParts>
		<addsHediff>WTH_BasicLaborModule</addsHediff>
		<modExtensions>
			<li Class="WhatTheHack.DefModExtension_Recipe">
				<requireBed>true</requireBed>
			</li>
		</modExtensions>
	</RecipeDef>

	<!--BasicCraft-->

	<HediffDef>
		<defName>WTH_BasicCraftingModule</defName>
		<label>basic crafting module</label>
		<description>basic crafting module</description>
		<defaultLabelColor>(0.5, 0.5, 0.9)</defaultLabelColor>
		<isBad>false</isBad>
		<stages>
			<li>
				<capMods>
					<li>
						<capacity>Manipulation</capacity>
						<offset>-0.1</offset>
					</li>
				</capMods>
			</li>
		</stages>
		<modExtensions>
			<li Class="WhatTheHack.DefModExtension_Hediff">
				<extraButcherProduct>WTH_BasicLaborModule</extraButcherProduct>
				<canUninstall>true</canUninstall>
				<destroyOnDeathChance>0.65</destroyOnDeathChance>
			</li>
			<li Class="WhatTheHack.DefModExtension_Hediff_WorkModule">
				<workTypes>
					<li>Crafting</li>
				</workTypes>
			</li>
		</modExtensions>
	</HediffDef>

	<ThingDef ParentName="BodyPartBase">
		<defName>WTH_BasicCraftingModule</defName>
		<label>Basic crafting module</label>
		<description>Can be installed in a mechanoid to make it capable of low skill crafting.</description>
		<graphicData>
			<texPath>Things/MechModuleTierOne</texPath>
			<graphicClass>Graphic_Single</graphicClass>
		</graphicData>
		<soundInteract>Metal_Drop</soundInteract>
		<soundDrop>Standard_Drop</soundDrop>
		<stackLimit>1</stackLimit>
		<statBases>
			<WorkToMake>7000</WorkToMake>
			<MaxHitPoints>70</MaxHitPoints>
			<Mass>0.6</Mass>
			<Flammability>1.0</Flammability>
			<DeteriorationRate>2.0</DeteriorationRate>
			<SellPriceFactor>0.70</SellPriceFactor>
		</statBases>
		<intricate>true</intricate>
		<thingCategories>
			<li>Manufactured</li>
		</thingCategories>
	</ThingDef>

	<RecipeDef>
		<defName>WTH_InstallBasicCraftingModule</defName>
		<label>install basic crafting module</label>
		<description>Install a crafting labor module.</description>
		<workerClass>WhatTheHack.Recipes.Recipe_ModifyMechanoid_WorkModule</workerClass>
		<jobString>Installing basic labor module.</jobString>
		<workAmount>5000</workAmount>
		<surgerySuccessChanceFactor>1.3</surgerySuccessChanceFactor>
		<deathOnFailedSurgeryChance>0.05</deathOnFailedSurgeryChance>
		<skillRequirements>
			<Crafting>5</Crafting>
			<Intellectual>5</Intellectual>
		</skillRequirements>
		<workSkill>Intellectual</workSkill>
		<ingredients>
			<li>
				<filter>
					<thingDefs>
						<li>WTH_BasicCraftingModule</li>
					</thingDefs>
				</filter>
				<count>1</count>
			</li>
		</ingredients>
		<appliedOnFixedBodyParts>
			<li>Reactor</li>
		</appliedOnFixedBodyParts>
		<addsHediff>WTH_BasicCraftingModule</addsHediff>
		<modExtensions>
			<li Class="WhatTheHack.DefModExtension_Recipe">
				<requireBed>true</requireBed>
			</li>
		</modExtensions>
	</RecipeDef>


	<!--Construct-->

	<HediffDef>
		<defName>WTH_BuildingModule</defName>
		<label>construction module</label>
		<description>construction module</description>
		<defaultLabelColor>(0.5, 0.5, 0.9)</defaultLabelColor>
		<isBad>false</isBad>
		<stages>
			<li>
				<capMods>
					<li>
						<capacity>Manipulation</capacity>
						<offset>-0.1</offset>
					</li>
				</capMods>
			</li>
		</stages>
		<modExtensions>
			<li Class="WhatTheHack.DefModExtension_Hediff">
				<extraButcherProduct>WTH_BuildingModule</extraButcherProduct>
				<canUninstall>true</canUninstall>
				<destroyOnDeathChance>0.65</destroyOnDeathChance>
			</li>
			<li Class="WhatTheHack.DefModExtension_Hediff_WorkModule">
				<workTypes>
					<li>Construction</li>
				</workTypes>
				<skillLevel>4</skillLevel>
			</li>
		</modExtensions>
	</HediffDef>

	<ThingDef ParentName="BodyPartBase">
		<defName>WTH_BuildingModule</defName>
		<label>Construction module</label>
		<description>Can be installed in a mechanoid to make it capable of constructing and repairing buildings.</description>
		<graphicData>
			<texPath>Things/MechModuleTierOne</texPath>
			<graphicClass>Graphic_Single</graphicClass>
		</graphicData>
		<soundInteract>Metal_Drop</soundInteract>
		<soundDrop>Standard_Drop</soundDrop>
		<stackLimit>1</stackLimit>
		<statBases>
			<WorkToMake>7000</WorkToMake>
			<MaxHitPoints>70</MaxHitPoints>
			<Mass>0.6</Mass>
			<Flammability>1.0</Flammability>
			<DeteriorationRate>2.0</DeteriorationRate>
			<SellPriceFactor>0.70</SellPriceFactor>
		</statBases>
		<intricate>true</intricate>
		<thingCategories>
			<li>Manufactured</li>
		</thingCategories>
	</ThingDef>

	<RecipeDef>
		<defName>WTH_InstallBuildingModule</defName>
		<label>install construction module</label>
		<description>Install a construction module.</description>
		<workerClass>WhatTheHack.Recipes.Recipe_ModifyMechanoid_WorkModule</workerClass>
		<jobString>Installing construction module.</jobString>
		<workAmount>5000</workAmount>
		<surgerySuccessChanceFactor>1.3</surgerySuccessChanceFactor>
		<deathOnFailedSurgeryChance>0.05</deathOnFailedSurgeryChance>
		<skillRequirements>
			<Crafting>5</Crafting>
			<Intellectual>5</Intellectual>
		</skillRequirements>
		<workSkill>Intellectual</workSkill>
		<ingredients>
			<li>
				<filter>
					<thingDefs>
						<li>WTH_BuildingModule</li>
					</thingDefs>
				</filter>
				<count>1</count>
			</li>
		</ingredients>
		<appliedOnFixedBodyParts>
			<li>Reactor</li>
		</appliedOnFixedBodyParts>
		<addsHediff>WTH_BuildingModule</addsHediff>
		<modExtensions>
			<li Class="WhatTheHack.DefModExtension_Recipe">
				<requireBed>true</requireBed>
			</li>
		</modExtensions>
	</RecipeDef>

	<!--Smith/Machining/Tailoring-->

	<HediffDef>
		<defName>WTH_AssemblyModule</defName>
		<label>assembly module</label>
		<description>assembly module</description>
		<defaultLabelColor>(0.5, 0.5, 0.9)</defaultLabelColor>
		<isBad>false</isBad>
		<stages>
			<li>
				<capMods>
					<li>
						<capacity>Manipulation</capacity>
						<offset>-0.1</offset>
					</li>
				</capMods>
			</li>
		</stages>
		<modExtensions>
			<li Class="WhatTheHack.DefModExtension_Hediff">
				<extraButcherProduct>WTH_AssemblyModule</extraButcherProduct>
				<canUninstall>true</canUninstall>
				<destroyOnDeathChance>0.65</destroyOnDeathChance>
			</li>
			<li Class="WhatTheHack.DefModExtension_Hediff_WorkModule">
				<workTypes>
					<li>Smithing</li>
					<li>Tailoring</li>
				</workTypes>
				<skillLevel>4</skillLevel>
			</li>
		</modExtensions>
	</HediffDef>

	<ThingDef ParentName="BodyPartBase">
		<defName>WTH_AssemblyModule</defName>
		<label>assembly module</label>
		<description>Can be installed in a mechanoid to make it capable of machining, smithing and tailoring.</description>
		<graphicData>
			<texPath>Things/MechModuleTierOne</texPath>
			<graphicClass>Graphic_Single</graphicClass>
		</graphicData>
		<soundInteract>Metal_Drop</soundInteract>
		<soundDrop>Standard_Drop</soundDrop>
		<stackLimit>1</stackLimit>
		<statBases>
			<WorkToMake>7000</WorkToMake>
			<MaxHitPoints>70</MaxHitPoints>
			<Mass>0.6</Mass>
			<Flammability>1.0</Flammability>
			<DeteriorationRate>2.0</DeteriorationRate>
			<SellPriceFactor>0.70</SellPriceFactor>
		</statBases>
		<intricate>true</intricate>
		<thingCategories>
			<li>Manufactured</li>
		</thingCategories>
	</ThingDef>

	<RecipeDef>
		<defName>WTH_InstallAssemblyModule</defName>
		<label>install assembly module</label>
		<description>Install an assembly module.</description>
		<workerClass>WhatTheHack.Recipes.Recipe_ModifyMechanoid_WorkModule</workerClass>
		<jobString>Installing construction module.</jobString>
		<workAmount>5000</workAmount>
		<surgerySuccessChanceFactor>1.3</surgerySuccessChanceFactor>
		<deathOnFailedSurgeryChance>0.05</deathOnFailedSurgeryChance>
		<skillRequirements>
			<Crafting>5</Crafting>
			<Intellectual>5</Intellectual>
		</skillRequirements>
		<workSkill>Intellectual</workSkill>
		<ingredients>
			<li>
				<filter>
					<thingDefs>
						<li>WTH_AssemblyModule</li>
					</thingDefs>
				</filter>
				<count>1</count>
			</li>
		</ingredients>
		<appliedOnFixedBodyParts>
			<li>Reactor</li>
		</appliedOnFixedBodyParts>
		<addsHediff>WTH_AssemblyModule</addsHediff>
		<modExtensions>
			<li Class="WhatTheHack.DefModExtension_Recipe">
				<requireBed>true</requireBed>
			</li>
		</modExtensions>
	</RecipeDef>

	<!--Research-->

	<HediffDef>
		<defName>WTH_ResearchModule</defName>
		<label>research module</label>
		<description>research module</description>
		<defaultLabelColor>(0.5, 0.5, 0.9)</defaultLabelColor>
		<isBad>false</isBad>
		<stages>
			<li>
				<capMods>
					<li>
						<capacity>Manipulation</capacity>
						<offset>-0.1</offset>
					</li>
				</capMods>
			</li>
		</stages>
		<modExtensions>
			<li Class="WhatTheHack.DefModExtension_Hediff">
				<extraButcherProduct>WTH_ResearchModule</extraButcherProduct>
				<canUninstall>true</canUninstall>
				<destroyOnDeathChance>0.65</destroyOnDeathChance>
			</li>
			<li Class="WhatTheHack.DefModExtension_Hediff_WorkModule">
				<workTypes>
					<li>Research</li>
				</workTypes>
				<skillLevel>4</skillLevel>
			</li>
		</modExtensions>
	</HediffDef>

	<ThingDef ParentName="BodyPartBase">
		<defName>WTH_ResearchModule</defName>
		<label>research module</label>
		<description>Can be installed in a mechanoid to make it capable of researching and scanning with the speed and efficiency of a semi-sentient calculator.</description>
		<graphicData>
			<texPath>Things/MechModuleTierOne</texPath>
			<graphicClass>Graphic_Single</graphicClass>
		</graphicData>
		<soundInteract>Metal_Drop</soundInteract>
		<soundDrop>Standard_Drop</soundDrop>
		<stackLimit>1</stackLimit>
		<statBases>
			<WorkToMake>7000</WorkToMake>
			<MaxHitPoints>70</MaxHitPoints>
			<Mass>0.6</Mass>
			<Flammability>1.0</Flammability>
			<DeteriorationRate>2.0</DeteriorationRate>
			<SellPriceFactor>0.70</SellPriceFactor>
		</statBases>
		<intricate>true</intricate>
		<thingCategories>
			<li>Manufactured</li>
		</thingCategories>
	</ThingDef>

	<RecipeDef>
		<defName>WTH_InstallResearchModule</defName>
		<label>install research module</label>
		<description>Install a research module.</description>
		<workerClass>WhatTheHack.Recipes.Recipe_ModifyMechanoid_WorkModule</workerClass>
		<jobString>Installing research module.</jobString>
		<workAmount>5000</workAmount>
		<surgerySuccessChanceFactor>1.3</surgerySuccessChanceFactor>
		<deathOnFailedSurgeryChance>0.05</deathOnFailedSurgeryChance>
		<skillRequirements>
			<Crafting>5</Crafting>
			<Intellectual>5</Intellectual>
		</skillRequirements>
		<workSkill>Intellectual</workSkill>
		<ingredients>
			<li>
				<filter>
					<thingDefs>
						<li>WTH_ResearchModule</li>
					</thingDefs>
				</filter>
				<count>1</count>
			</li>
		</ingredients>
		<appliedOnFixedBodyParts>
			<li>Reactor</li>
		</appliedOnFixedBodyParts>
		<addsHediff>WTH_ResearchModule</addsHediff>
		<modExtensions>
			<li Class="WhatTheHack.DefModExtension_Recipe">
				<requireBed>true</requireBed>
			</li>
		</modExtensions>
	</RecipeDef>

	<!--Manipulation-->

	<HediffDef>
		<defName>WTH_ManipulationModule</defName>
		<label>manipulation module</label>
		<description>manipulation module</description>
		<defaultLabelColor>(0.5, 0.5, 0.9)</defaultLabelColor>
		<isBad>false</isBad>
		<stages>
			<li>
				<capMods>
					<li>
						<capacity>Manipulation</capacity>
						<offset>0.2</offset>
					</li>
				</capMods>
			</li>
		</stages>
		<modExtensions>
			<li Class="WhatTheHack.DefModExtension_Hediff">
				<extraButcherProduct>WTH_ManipulationModule</extraButcherProduct>
				<canUninstall>true</canUninstall>
				<powerRateOffset>0.25</powerRateOffset>
				<spawnChance>0.12</spawnChance>
				<destroyOnDeathChance>0.8</destroyOnDeathChance>
			</li>
		</modExtensions>
	</HediffDef>

	<ThingDef ParentName="BodyPartBase">
		<defName>WTH_ManipulationModule</defName>
		<label>manipulation module</label>
		<description>Can be installed in a mechanoid. Increases the precision and speed of the mechanoid at the cost of extra power consumption.</description>
		<graphicData>
			<texPath>Things/MechModuleTierOne</texPath>
			<graphicClass>Graphic_Single</graphicClass>
		</graphicData>
		<soundInteract>Metal_Drop</soundInteract>
		<soundDrop>Standard_Drop</soundDrop>
		<stackLimit>1</stackLimit>
		<statBases>
			<WorkToMake>7000</WorkToMake>
			<MaxHitPoints>70</MaxHitPoints>
			<Mass>0.6</Mass>
			<Flammability>1.0</Flammability>
			<DeteriorationRate>2.0</DeteriorationRate>
			<SellPriceFactor>0.70</SellPriceFactor>
		</statBases>
		<intricate>true</intricate>
		<thingCategories>
			<li>Manufactured</li>
		</thingCategories>
	</ThingDef>

	<RecipeDef>
		<defName>WTH_InstallManipulationModule</defName>
		<label>install manipulation module</label>
		<description>Install a manipulation module.</description>
		<workerClass>WhatTheHack.Recipes.Recipe_ModifyMechanoid</workerClass>
		<jobString>Installing manipulation module.</jobString>
		<workAmount>5000</workAmount>
		<surgerySuccessChanceFactor>1.3</surgerySuccessChanceFactor>
		<deathOnFailedSurgeryChance>0.05</deathOnFailedSurgeryChance>
		<skillRequirements>
			<Crafting>5</Crafting>
			<Intellectual>5</Intellectual>
		</skillRequirements>
		<workSkill>Intellectual</workSkill>
		<ingredients>
			<li>
				<filter>
					<thingDefs>
						<li>WTH_ManipulationModule</li>
					</thingDefs>
				</filter>
				<count>1</count>
			</li>
		</ingredients>
		<appliedOnFixedBodyParts>
			<li>Reactor</li>
		</appliedOnFixedBodyParts>
		<addsHediff>WTH_ManipulationModule</addsHediff>
		<modExtensions>
			<li Class="WhatTheHack.DefModExtension_Recipe">
				<requireBed>true</requireBed>
			</li>
		</modExtensions>
	</RecipeDef>


	<!--Cooking-->

	<HediffDef>
		<defName>WTH_CookingModule</defName>
		<label>cooking module</label>
		<description>cooking module</description>
		<defaultLabelColor>(0.5, 0.5, 0.9)</defaultLabelColor>
		<isBad>false</isBad>
		<stages>
			<li>
				<capMods>
					<li>
						<capacity>Manipulation</capacity>
						<offset>-0.1</offset>
					</li>
				</capMods>
			</li>
		</stages>
		<modExtensions>
			<li Class="WhatTheHack.DefModExtension_Hediff">
				<extraButcherProduct>WTH_CookingModule</extraButcherProduct>
				<canUninstall>true</canUninstall>
				<destroyOnDeathChance>0.65</destroyOnDeathChance>
			</li>
			<li Class="WhatTheHack.DefModExtension_Hediff_WorkModule">
				<workTypes>
					<li>Cooking</li>
				</workTypes>
				<skillLevel>4</skillLevel>
			</li>
		</modExtensions>
	</HediffDef>

	<ThingDef ParentName="BodyPartBase">
		<defName>WTH_CookingModule</defName>
		<label>cooking module</label>
		<description>Can be installed in a mechanoid to make it capable of cooking and butchering.</description>
		<graphicData>
			<texPath>Things/MechModuleTierOne</texPath>
			<graphicClass>Graphic_Single</graphicClass>
		</graphicData>
		<soundInteract>Metal_Drop</soundInteract>
		<soundDrop>Standard_Drop</soundDrop>
		<stackLimit>1</stackLimit>
		<statBases>
			<WorkToMake>7000</WorkToMake>
			<MaxHitPoints>70</MaxHitPoints>
			<Mass>0.6</Mass>
			<Flammability>1.0</Flammability>
			<DeteriorationRate>2.0</DeteriorationRate>
			<SellPriceFactor>0.70</SellPriceFactor>
		</statBases>
		<intricate>true</intricate>
		<thingCategories>
			<li>Manufactured</li>
		</thingCategories>
	</ThingDef>

	<RecipeDef>
		<defName>WTH_InstallCookingModule</defName>
		<label>install cooking module</label>
		<description>Install a cooking module.</description>
		<workerClass>WhatTheHack.Recipes.Recipe_ModifyMechanoid_WorkModule</workerClass>
		<jobString>Installing cooking module.</jobString>
		<workAmount>5000</workAmount>
		<surgerySuccessChanceFactor>1.3</surgerySuccessChanceFactor>
		<deathOnFailedSurgeryChance>0.05</deathOnFailedSurgeryChance>
		<skillRequirements>
			<Crafting>5</Crafting>
			<Intellectual>5</Intellectual>
		</skillRequirements>
		<workSkill>Intellectual</workSkill>
		<ingredients>
			<li>
				<filter>
					<thingDefs>
						<li>WTH_CookingModule</li>
					</thingDefs>
				</filter>
				<count>1</count>
			</li>
		</ingredients>
		<appliedOnFixedBodyParts>
			<li>Reactor</li>
		</appliedOnFixedBodyParts>
		<addsHediff>WTH_CookingModule</addsHediff>
		<modExtensions>
			<li Class="WhatTheHack.DefModExtension_Recipe">
				<requireBed>true</requireBed>
			</li>
		</modExtensions>
	</RecipeDef>
	
<!--Medical-->

	<HediffDef>
		<defName>WTH_MedicalModule</defName>
		<label>medical module</label>
		<description>medical module</description>
		<defaultLabelColor>(0.5, 0.5, 0.9)</defaultLabelColor>
		<isBad>false</isBad>
		<stages>
			<li>
				<capMods>
					<li>
						<capacity>Manipulation</capacity>
						<offset>-0.1</offset>
					</li>
				</capMods>
			</li>
		</stages>
		<modExtensions>
			<li Class="WhatTheHack.DefModExtension_Hediff">
				<extraButcherProduct>WTH_MedicalModule</extraButcherProduct>
				<canUninstall>true</canUninstall>
				<destroyOnDeathChance>0.65</destroyOnDeathChance>
			</li>
			<li Class="WhatTheHack.DefModExtension_Hediff_WorkModule">
				<workTypes>
					<li>Doctor</li>
				</workTypes>
				<skillLevel>4</skillLevel>
			</li>
		</modExtensions>
	</HediffDef>

	<ThingDef ParentName="BodyPartBase">
		<defName>WTH_MedicalModule</defName>
		<label>medical module</label>
		<description>Can be installed in a mechanoid to make it capable of performing medical tasks like tending and operating..</description>
		<graphicData>
			<texPath>Things/MechModuleTierOne</texPath>
			<graphicClass>Graphic_Single</graphicClass>
		</graphicData>
		<soundInteract>Metal_Drop</soundInteract>
		<soundDrop>Standard_Drop</soundDrop>
		<stackLimit>1</stackLimit>
		<statBases>
			<WorkToMake>7000</WorkToMake>
			<MaxHitPoints>70</MaxHitPoints>
			<Mass>0.6</Mass>
			<Flammability>1.0</Flammability>
			<DeteriorationRate>2.0</DeteriorationRate>
			<SellPriceFactor>0.70</SellPriceFactor>
		</statBases>
		<intricate>true</intricate>
		<thingCategories>
			<li>Manufactured</li>
		</thingCategories>
	</ThingDef>

	<RecipeDef>
		<defName>WTH_InstallMedicalModule</defName>
		<label>install medical module</label>
		<description>Install a medical module.</description>
		<workerClass>WhatTheHack.Recipes.Recipe_ModifyMechanoid_WorkModule</workerClass>
		<jobString>Installing medical module.</jobString>
		<workAmount>5000</workAmount>
		<surgerySuccessChanceFactor>1.3</surgerySuccessChanceFactor>
		<deathOnFailedSurgeryChance>0.05</deathOnFailedSurgeryChance>
		<skillRequirements>
			<Crafting>5</Crafting>
			<Intellectual>5</Intellectual>
		</skillRequirements>
		<workSkill>Intellectual</workSkill>
		<ingredients>
			<li>
				<filter>
					<thingDefs>
						<li>WTH_MedicalModule</li>
					</thingDefs>
				</filter>
				<count>1</count>
			</li>
		</ingredients>
		<appliedOnFixedBodyParts>
			<li>Reactor</li>
		</appliedOnFixedBodyParts>
		<addsHediff>WTH_MedicalModule</addsHediff>
		<modExtensions>
			<li Class="WhatTheHack.DefModExtension_Recipe">
				<requireBed>true</requireBed>
			</li>
		</modExtensions>
	</RecipeDef>

</Defs>
